<?xml version="1.0" encoding="utf-8"?>
<!--
	/**************************************************************************\
	* Simple Groupware 0.743                                                   *
	* http://www.simple-groupware.de                                           *
	* Copyright (C) 2002-2012 by Thomas Bley                                   *
	* ------------------------------------------------------------------------ *
	*  This program is free software; you can redistribute it and/or           *
	*  modify it under the terms of the GNU General Public License Version 2   *
	*  as published by the Free Software Foundation; only version 2            *
	*  of the License, no later version.                                       *
	*                                                                          *
	*  This program is distributed in the hope that it will be useful,         *
	*  but WITHOUT ANY WARRANTY; without even the implied warranty of          *
	*  MERCHANTABILITY or FITNESS FOR A PARTICULAR PURPOSE. See the            *
	*  GNU General Public License for more details.                            *
	*                                                                          *
	*  You should have received a copy of the GNU General Public License       *
	*  Version 2 along with this program; if not, write to the Free Software   *
	*  Foundation, Inc., 59 Temple Place - Suite 330, Boston,                  *
	*  MA  02111-1307, USA.                                                    *
	\**************************************************************************/
-->
<simple_cms>
<asset>
<pagename>Site.AuthForm</pagename>
<title>Login required</title>
<data>(:messages:)
(:if enabled InvalidLogin:)* $[Name/password not recognized]
(:if:)
(:input form &quot;index.php?page={$RequestedPage}&quot;:)
(:input hidden loginform true:)
||Username:||(:input text name=username:)||
||Password:||(:input password name=password:)||
|| ||(:input submit value=&#039;OK&#039;:)||
(:input end:)

</data>
<template>pmwiki.tpl</template>
<activated>1</activated>
<author>Pm</author>
<rread_users>|anonymous|</rread_users>
<rwrite_users>|anonymous|</rwrite_users>
</asset>
<asset>
<pagename>Site.PageNotFound</pagename>
<title>Page not found</title>
<data>(:nolinkwikiwords:)
(:if !group Category:)The page &quot;{$RequestedPage}&quot; doesn&#039;t exist.

</data>
<template>pmwiki.tpl</template>
<activated>1</activated>
<author>Pm</author>
<rread_users>|anonymous|</rread_users>
<rwrite_users>|anonymous|</rwrite_users>
</asset>
<asset>
<pagename>Site.Search</pagename>
<data>(:searchbox:)

(:searchresults:)

A search for more than one word will find pages that contain all of the words.
Use quotation marks to search for a phrase.  Also use quotes for text with punctuation or special characters.

To limit your search to a single group, enter the group name followed by a slash at the beginning of the search string (e.g., &quot;[=PmWiki/=]&quot; or &quot;Main/&quot;).  To list all pages, enter a slash for the search.

!![-Search examples-]

||border=&#039;0&#039; cellspacing=&#039;0&#039; width=&#039;100%&#039; cellpadding=&#039;0&#039;

||&#039;&#039;&#039;Enter&#039;&#039;&#039;    ||&#039;&#039;&#039;To find pages containing&#039;&#039;&#039; ||
||apple pie      ||both &#039;apple&#039; and &#039;pie&#039; ||
||&quot;apple pie&quot;    ||the phrase &#039;apple pie&#039; ||
||pmwiki/apple   ||&#039;apple&#039; in the [=PmWiki=] group ||
||&quot;pmwiki/apple&quot; ||the phrase &#039;pmwiki/apple&#039; in all groups ||
||apple -pie     ||&#039;apple&#039;, omitting those containing &#039;pie&#039; ||
||food -&quot;apple pie&quot; ||&#039;food&#039;, omitting those containing &#039;apple pie&#039; ||
||apple &quot;-pie&quot;   ||the words &#039;apple&#039; and &#039;-pie&#039; ||
||apple - pie    ||&#039;apple&#039;, &#039;-&#039;, and &#039;pie&#039; ||
||&quot;pie:&quot;         ||the word &#039;pie&#039; with a colon ||
||&quot;pie=tasty&quot;    ||the phrase &#039;pie=tasty&#039; ||

Some special characters need to be enclosed in quotes, including the colon (:), equals sign (=), single quote (&#039;) and double quote(&quot;).

For advanced searches, [[PmWiki/PageLists]] parameters (count, group, fmt, link, list, order, and trail) can be entered together with the search string.</data>
<template>pmwiki.tpl</template>
<activated>1</activated>
<staticcache>0</staticcache>
<rss_include>0</rss_include>
<author>Pico</author>
<rread_users>|anonymous|</rread_users>
<rwrite_users>|anonymous|</rwrite_users>
</asset>
<asset>
<pagename>{t}Help{/t}</pagename>
<title>Simple Groupware {t}Help{/t}</title>
<data>
This is a template. Here you can add support information for your users.\\
Click the edit button below to edit this page.

Documentation about Simple Groupware can be found at:\\
%newwin% [[http://www.simple-groupware.de/cms/Documentation | www.simple-groupware.de/cms/Documentation]]
</data>
<template>pmwiki.tpl</template>
<activated>1</activated>
<staticcache>0</staticcache>
<rss_include>0</rss_include>
<rread_users>|anonymous|</rread_users>
<rwrite_users>|anonymous|</rwrite_users>
</asset>
</simple_cms>
